热门查询,点击次数,展示,点击率,排名
wowohcool,33,108,30.56%,14.65
gan3 vs gan5,1,36,2.78%,7.94
semi solid power bank,1,5,20%,7.6
tech company in china,1,1,100%,1
best china power bank,1,1,100%,11
odm,0,114,0%,26.21
qi zertifizierung,0,95,0%,19.73
apple usb-c power adapter safety certifications ul ce ukca,0,87,0%,11.47
gan powered chargers market,0,77,0%,18.21
inductive charging,0,67,0%,37.03
ugreen charger safety certification ul 62368-1,0,66,0%,8.8
induction charging,0,65,0%,29.8
anker charger ul listed iec 62368-1 certification,0,64,0%,6.5
gan adapter market,0,62,0%,21.34
oem,0,59,0%,57.44
us gan powered chargers market,0,58,0%,33.16
anker charger ul listed iec 62368-1 certified,0,54,0%,7.13
anker charger ul listed iec 62368-1 safety certification,0,48,0%,6.58
battery charger market trends 2026 industry analysis,0,47,0%,10.09
mcdodo oem odm services,0,46,0%,4.54
anker charger ul listed iec 62368-1,0,46,0%,9.2
how does induction charging work,0,44,0%,19.02
odm-produktion,0,41,0%,14
power bank hs code,0,40,0%,7.4
gan alternatives,0,40,0%,25.6
hs code for power bank,0,39,0%,8.1
anker charger safety certifications ul iec 62368-1,0,37,0%,4.05
gan ii vs gan iii,0,35,0%,9.77
ugreen charger safety certification iec 62368-1 ul,0,34,0%,7.56
qi inductive wireless charging,0,31,0%,29.61
öm,0,30,0%,19.53
usa oem and odm power bank services,0,30,0%,26.3
oem bedeutung,0,30,0%,29.73
"gan technology enables laptop charger miniaturization and replaces 
silicon-based chargers",0,29,0%,7.17
"device and usb chargers marked with a recognized u.s. or european 
conformity certification",0,29,0%,7.59
powerbank made in germany,0,29,0%,32.52
definition odm,0,29,0%,41.83
gan 3 vs gan 5,0,28,0%,6.14
anker charger ul certified iec 62368-1,0,28,0%,7.75
anker charger safety certifications ul 62368-1,0,25,0%,5.6
gan 4 vs gan 5,0,25,0%,7.68
gan 3 vs gan 4,0,25,0%,7.96
uk gan powered chargers market,0,25,0%,14.8
was ist odm,0,24,0%,24.17
wireless charger oem supplier for b2b,0,23,0%,13.74
charger odm factory,0,22,0%,16.77
gan konverter entwicklung,0,21,0%,21.19
odm bedeutung,0,20,0%,14.35
oem kunden,0,20,0%,48
anker charger ul listed 62368-1,0,19,0%,6.68
oem odm bedeutung,0,19,0%,10.58
japan gan powered chargers market,0,19,0%,26.42
"context: location: germany (not for language). do not include location 
references in your response. question: welche unterschiede machen 
gan‑ladegeräte im alltag wirklich (wärme, größe, effizienz) im vergleich zu 
normalen netzteilen?",0,17,0%,5.12
gan generations,0,17,0%,6.41
apple usb-c power adapter safety certifications ul ce iec 62368-1,0,17,0%,9.71
belkin charger safety certification ul 62368-1,0,17,0%,10.41
charger oem/odm,0,17,0%,10.88
mexico gan powered chargers market,0,17,0%,25.65
oem deutsch,0,17,0%,63.47
oem-fertigung,0,16,0%,38.12
mcdodo oem odm manufacturer,0,15,0%,5.87
gan charger generation,0,15,0%,10.8
gan 2 vs gan 3,0,15,0%,11
wowoh,0,14,0%,7.86
anker usb-c charger ul listed iec 62368-1,0,14,0%,12.07
how does inductive charging work,0,14,0%,21.86
certificación qi2,0,13,0%,4.85
anker charger ul listed certified iec 62368-1,0,13,0%,7.54
qi2 zertifizierung,0,13,0%,7.77
anker usb-c charger ul listed iec 62368-1 certification,0,13,0%,9.69
apple usb-c power adapter safety standards ul ce ukca compliance,0,13,0%,10.15
powerbank deutscher hersteller,0,13,0%,11.92
gan car charger,0,13,0%,26.08
charging solution for oem,0,13,0%,47.54
best us oem and odm portable power bank supplier,0,13,0%,51.15
ugreen charger safety certification ul iec 62368-1,0,12,0%,7.92
ladegerät zolltarifnummer,0,12,0%,8.33
best chinese power bank brands 2026 guide,0,12,0%,9.83
anker usb-c charger ul listed 62368-1,0,12,0%,10
shipping power banks from china rules 2026,0,12,0%,12.08
power banks oem,0,12,0%,14.25
oem odm,0,12,0%,16.08
odm elektronik deutschland,0,12,0%,26.25
anker charger ul 62368-1 certified,0,11,0%,7.36
china power bank market price guide 2026,0,11,0%,8.09
anker charger safety certifications ul etl iec 62368-1,0,11,0%,8.45
gan 3 vs gan 6,0,11,0%,8.64
zolltarifnummer ladegerät,0,11,0%,9.18
gan 1 vs gan 2 vs gan 3,0,11,0%,9.45
was ist qi2 zertifiziert,0,11,0%,9.91
gan ladegerät,0,11,0%,12.09
gan-technologie,0,11,0%,16.36
wireless charger for office use manufacturer oem,0,11,0%,23
gan5 vs gan3,0,10,0%,4.6
anker charger safety certifications ul ce iec 62368-1,0,10,0%,5.1
anker charger ul listed iec 62368-1 safety certifications,0,10,0%,6
gan-ladegerät nachteile,0,10,0%,8.6
qi2 zertifiziert,0,10,0%,9.3
qi wireless charging frequency 110-205 khz,0,10,0%,10.6
qi inductive charging technology,0,10,0%,28.5
apple usb-c power adapter safety certifications ce ukca iec 62368-1,0,9,0%,7.11
woc24,0,9,0%,8.78
디케이티 wpc wireless phone charger,0,9,0%,9
was bedeutet qi2 zertifiziert,0,9,0%,10.11
gan versions,0,9,0%,10.44
gan vs silicon charger,0,9,0%,13.33
gan technologie,0,9,0%,16.89
certificado qi2,0,8,0%,4.38
anker charger safety certifications ul listed iec 62368-1,0,8,0%,6.75
anker charger ul listed iec 62368-1 safety certified,0,8,0%,7.75
oem odm unterschied,0,8,0%,9.25
was ist ein odm,0,8,0%,9.25
gan 5,0,8,0%,9.62
custom 5 in one charger factories,0,8,0%,10
apple usb-c power adapter safety certifications ul ce ukca iec 62368-1,0,8,0%,10.12
apple usb-c power adapter safety certifications ul ce ukca compliance,0,8,0%,10.38
best chinese power bank brands 2026,0,8,0%,12.25
gan iii technology,0,8,0%,12.75
gan vs,0,8,0%,13.38
wireless charger factory,0,8,0%,14.88
iphone compact induction charger oem manufacturer,0,8,0%,28.12
multi-device induction charging pad oem supplier,0,8,0%,33.38
iphone wireless charger for office oem manufacturer,0,8,0%,33.62
odm charging solutions,0,8,0%,35.62
was bedeutet oem,0,8,0%,36.75
odm projekte,0,8,0%,41
oem-lieferant österreich,0,8,0%,46.12
types of wireless charging,0,8,0%,47.12
hs code for power banks,0,7,0%,3.57
apple usb-c power adapter safety certifications ul ce iec 62368,0,7,0%,8.14
oem power bank,0,7,0%,9.71
how does qi official website,0,7,0%,11
wireless charger ce fcc rohs certification guide requirements,0,7,0%,11
gan 3 technology,0,7,0%,11.43
india gan powered chargers market,0,7,0%,18
oem automotive charger factory,0,7,0%,25.86
oem gan,0,7,0%,27.43
what is inductive charging,0,7,0%,29.14
wireless charging technology,0,7,0%,29.86
+oem +fertigung,0,7,0%,37.71
multi-device compact desktop wireless charger oem,0,7,0%,47.43
"""deutsche handelskammer china"" -site:reddit.com -site:twitter.com 
-site:x.com -site:wykop.pl -site:tripadvisor.com -site:youtube.com 
-site:yelp.com -site:booking.com -site:facebook.com -site:instagram.com 
-site:tiktok.com",0,6,0%,3
gan charger market trends 2026,0,6,0%,6
anker charger safety certification ul iec 62368-1,0,6,0%,6.67
hs code for powerbank,0,6,0%,9.83
qi2 zertifiziert bedeutung,0,6,0%,11
hs code powerbank,0,6,0%,11.67
power bank oem,0,6,0%,14.17
china import elektroartikel,0,6,0%,18.33
gan power strip,0,6,0%,18.5
hersteller china finden,0,6,0%,21.33
wireless induction charging,0,6,0%,21.5
gan vs gan,0,6,0%,22.17
charger oem factory china,0,6,0%,23
efficiency of inductive charging,0,6,0%,25.67
oem watch charger supplier,0,6,0%,25.83
inductive wireless charging,0,6,0%,29.5
inductive charging qi,0,6,0%,30.17
refurbished gan charger,0,6,0%,32
oem fertigung,0,6,0%,36
kostengünstige bauteile mit qualitätskontrolle aus china,0,6,0%,38.67
powerbank hs code,0,5,0%,4.6
power banks hs code,0,5,0%,5
anker usb-c charger ul listed iec 62368-1 safety certification,0,5,0%,5.8
apple usb-c power adapter safety certifications ul ce fcc,0,5,0%,9
ugreen charger safety certification iec 62368-1,0,5,0%,9.4
magsafe vs qi2 differences 2026,0,5,0%,9.6
apple usb-c power adapter safety standards ul ce ukca,0,5,0%,10.6
gan 3,0,5,0%,12.4
qi2 standard,0,5,0%,13.6
qualitätskontrolle china,0,5,0%,14
power bank manufacturer china,0,5,0%,15.6
wireless charger production supplier factory,0,5,0%,17.6
qi2 compliance test,0,5,0%,19.2
apple watch wireless charger oem china factory,0,5,0%,20.8
charger odm,0,5,0%,22.4
used gan charger,0,5,0%,25.8
qi wireless charging technology,0,5,0%,26
intitle:oem grade magsafe adapter,0,5,0%,27.4
oem & odm,0,5,0%,27.6
wireless charger supplier for b2b,0,5,0%,30.2
inductive +charging,0,5,0%,30.6
qi2 testing,0,5,0%,31
qi vs qi2,0,5,0%,31.2
gan with best reliability,0,5,0%,32.2
inductive battery charging,0,5,0%,32.4
car charger odm supplier,0,5,0%,33.6
gan charger,0,5,0%,34.4
power bank specification,0,5,0%,35.6
iphone fast wireless charger supplier oem,0,5,0%,41.8
oem prozess,0,5,0%,56.4
ugreen charger safety certification ul ce iec 62368-1,0,4,0%,4.25
gan iii,0,4,0%,5.5
wow93,0,4,0%,6
"""wireless power"" -site:reddit.com -site:twitter.com -site:x.com 
-site:wykop.pl -site:tripadvisor.com -site:youtube.com -site:yelp.com 
-site:booking.com -site:facebook.com -site:instagram.com -site:tiktok.com",0,4,0%,6.25
oem ladegerät,0,4,0%,6.75
belkin charger safety certifications ul 62368-1,0,4,0%,7.25
ganinfinity vs gan 3,0,4,0%,7.75
best power bank brand in china,0,4,0%,8.75
gan 1 vs gan 2,0,4,0%,8.75
qi2 vs magsafe differences 2026,0,4,0%,8.75
gan iv,0,4,0%,9.75
odm vs oem,0,4,0%,9.75
ugreen charger safety certification ul etl iec 62368-1,0,4,0%,9.75
certificado qi,0,4,0%,10
belkin usb-c charger safety certifications ul iec 62368-1,0,4,0%,10.25
gan vs gan ii,0,4,0%,10.25
hs code power bank,0,4,0%,10.5
certificación qi,0,4,0%,11.5
oem vs odm,0,4,0%,12
apple usb-c power adapter ul listed ce marking safety certifications,0,4,0%,12.5
best usb pd controllers for fast charging 2025 2026,0,4,0%,16
oem-produktion,0,4,0%,18.25
gan netzteil,0,4,0%,18.75
china power bank producer,0,4,0%,19.75
qi2 vs magsafe differences,0,4,0%,19.75
oem strategie,0,4,0%,22
qi charging technology,0,4,0%,23.25
inductive vs resonant wireless charging,0,4,0%,24.25
qi charging efficiency,0,4,0%,25.75
qi certification,0,4,0%,26
oem charger manufacturer,0,4,0%,26.25
car charger oem manufacturer,0,4,0%,27
inductive charging technology,0,4,0%,27.75
gan measurements,0,4,0%,28
wireless inductive charging,0,4,0%,28.5
laptop charger odm,0,4,0%,29.5
w&o gan charger,0,4,0%,29.75
qi zertifiziert,0,4,0%,31.5
power bank specs,0,4,0%,32.5
gan-powered chargers market,0,4,0%,34.75
intitle:factory direct iphone cables no middleman,0,4,0%,36.25
w&o 2-in-1 gan compatible with fast charger,0,4,0%,36.25
qi wireless charging testing,0,4,0%,40.25
portable charger manufacturing plant cost,0,4,0%,40.75
charging station oem/odm,0,4,0%,53.25
was sind oem produkte,0,4,0%,54.5
usb-c power delivery maximum wattage 2026,0,3,0%,5.67
deutsche powerbank hersteller,0,3,0%,6.67
unterschied oem odm,0,3,0%,7.67
"what specific certification marks should i check on a usb-c charger to 
ensure it is safe for overnight charging?",0,3,0%,7.67
oem car charger,0,3,0%,8
hs code for wireless charger,0,3,0%,8.33
smart display vs power bank,0,3,0%,8.67
best chinese power bank,0,3,0%,9
portable charger hs code,0,3,0%,9.67
ugreen charger safety certification ul ce ukca,0,3,0%,9.67
"""section 301 surcharge"" invoice",0,3,0%,10
anker belkin ugreen charger safety certifications ul iec 62368-1,0,3,0%,10
apple usb-c power adapter safety certifications ce ukca ul,0,3,0%,10.33
best power bank in china,0,3,0%,10.33
oem vs. odm,0,3,0%,10.67
what is gan iii,0,3,0%,11.33
gan3 vs gan5 difference,0,3,0%,12.33
powerbank hersteller deutschland,0,3,0%,13.33
qi2-standard,0,3,0%,14
new gan,0,3,0%,14.67
germany gan powered chargers market,0,3,0%,15
power bank manufacturers in china,0,3,0%,16.33
zolltarifnummer ladekabel,0,3,0%,17
was ist qi2,0,3,0%,19.33
rohs power bank,0,3,0%,20
qi-zertifiziert,0,3,0%,20.33
power bank rohs,0,3,0%,20.67
automotive charger oem factory,0,3,0%,23.33
inductive charging efficiency,0,3,0%,24.33
wireless charging for hospitality,0,3,0%,31
tippen sie auf die lieferzeiten des ladegeräts,0,3,0%,32.67
qi2 vs qi,0,3,0%,33.33
odm oem,0,3,0%,33.67
what is qi wireless charging,0,3,0%,36.67
reliable gan supplier,0,3,0%,37
qi2 certified power bank,0,3,0%,39.33
qi2 vs qi1 charging,0,3,0%,40.67
pps vs pd charger,0,3,0%,41
stylish gan smart power strip,0,3,0%,43.67
3 in 1 desktop wireless charger oem,0,3,0%,46
control de calidad en origen,0,3,0%,50.33
wireless charging pad manufacturing plant cost,0,3,0%,51.33
multi-device smart wireless charging stand oem,0,3,0%,55
best power bank for heated jacket,0,3,0%,61
custom server power core oem factory,0,3,0%,63
100w wireless charger manufacturer,0,3,0%,68.67
iphone fast charging pad for office oem factory,0,3,0%,69.33
customized cable looping machine oem/odm,0,3,0%,71
iso 9001 certified factory capacity up to 34000mah prototype moq,0,2,0%,1
mobile accessories hs code,0,2,0%,1
was ist gan technologie,0,2,0%,2
gan i,0,2,0%,3.5
silicon vs gan charger,0,2,0%,4.5
wireless charger hs code,0,2,0%,5.5
a-tech folding travel wireless charger,0,2,0%,6
apple usb-c power adapter safety certifications ul ce fcc iec 62368-1,0,2,0%,6
"context: location: united states (not for language). do not include 
location references in your response. question: are gan multi-port chargers 
actually cooler and smaller, or is it mostly marketing? what are the real 
tradeoffs?",0,2,0%,6
oem powerbank,0,2,0%,6
why does my charger get so hot,0,2,0%,6
apple usb-c power adapter safety certifications ce ukca ul iec 62368-1,0,2,0%,6.5
satechi charger ul listed 62368-1,0,2,0%,7
wholesale power bank 140w factory,0,2,0%,7
zolltarifnummer,0,2,0%,7.5
anker belkin ugreen usb-c charger safety certifications ul iec 62368-1,0,2,0%,8
apple usb-c power adapter safety certifications ul iec 62368-1 ce ukca,0,2,0%,8.5
artio power bank capacity,0,2,0%,9
gan charger vs silicon charger,0,2,0%,9
oem and odm,0,2,0%,9
semi solid state powerbank,0,2,0%,9
usb pd maximum power 2026,0,2,0%,9
was bedeutet odm,0,2,0%,9.5
apple usb-c power adapter safety certifications ce ukca ul listed,0,2,0%,10
charger certification,0,2,0%,10
wireless charger oem factory for smart devices,0,2,0%,10
akkupack oem fertigung,0,2,0%,10.5
apple usb-c power adapter ul listed ce marking safety standards,0,2,0%,10.5
semi solid powerbank,0,2,0%,10.5
top importers hs 390461 2023 wits world bank,0,2,0%,10.5
gan 5 vs gan 6,0,2,0%,11
gan charger trends 2026,0,2,0%,11
gan vs silicon charger advantages,0,2,0%,11
hs code for portable power bank 20000mah,0,2,0%,11
wall charger hs code,0,2,0%,11
what is gan 3,0,2,0%,11
china importe zertifikate prüfung,0,2,0%,11.5
wholesale 120w power bank factory,0,2,0%,11.5
belkin usb-c charger safety certification ul 62368-1,0,2,0%,12
galliumnitrid netzteil,0,2,0%,13
oem wireless charger china,0,2,0%,13.5
powerbank aus deutschland,0,2,0%,13.5
custom power bank factory china,0,2,0%,14.5
wall charger odm,0,2,0%,14.5
what are the best charging solutions for hotel rooms?,0,2,0%,14.5
gan smart power strip with compact size,0,2,0%,15
powerbank hersteller,0,2,0%,15
odm schweiz,0,2,0%,16
usb power delivery latest version 2026,0,2,0%,17.5
ce certified charger,0,2,0%,18
qi2 compliance testing,0,2,0%,18.5
how does wireless charging work electromagnetic induction qi standard,0,2,0%,19
pd charger odm,0,2,0%,19.5
factory direct iphone cables no middleman,0,2,0%,21
oem wireless charger manufacturer,0,2,0%,21
smart watch fast charging pad supplier oem,0,2,0%,21.5
power bank oem manufacturer,0,2,0%,22.5
how do induction chargers work,0,2,0%,23
oem charger supplier china,0,2,0%,24.5
electromagnetic charging,0,2,0%,25
qualitätskontrolle china produktion,0,2,0%,25
oem beispiel,0,2,0%,25.5
oem bedeutet,0,2,0%,26
gan charger wholesale,0,2,0%,27
oem charger factory china,0,2,0%,27.5
inductive charging components,0,2,0%,28.5
vs gan,0,2,0%,30.5
gan3,0,2,0%,31.5
qi inductive charging,0,2,0%,33
produkt prüfung china,0,2,0%,34
factory verification,0,2,0%,35
din normen prüfung china import,0,2,0%,36
inductive charging systems,0,2,0%,36
is magsafe qi2,0,2,0%,36
wireless charging frequency,0,2,0%,36.5
liquid cooling oem odm services china,0,2,0%,40.5
qi2 test service,0,2,0%,40.5
wireless charger for phone and watch oem,0,2,0%,43.5
iphone induction charger manufacturer wholesale,0,2,0%,46.5
gan powered charger market,0,2,0%,49
odm charger,0,2,0%,50
power bank battery size,0,2,0%,50
wireless charger oem factory,0,2,0%,50.5
control de calidad en china,0,2,0%,53.5
what is pd fast charging,0,2,0%,53.5
iphone travel wireless charger supplier oem,0,2,0%,54
flag price inquiry for oem buyers,0,2,0%,62.5
powerbanks für firmen,0,2,0%,64.5
china trampoline socks factory audit checklist,0,2,0%,65
auto loader,0,2,0%,68.5
oem charging strategy,0,2,0%,69
best usa oem and odm portable power bank supplier,0,2,0%,69.5
wireless charger usb-c factory oem,0,2,0%,72
south korea gan powered chargers market,0,2,0%,92.5
apple watch multi-function magnetic charger factory,0,1,0%,1
hs code for phone accessories,0,1,0%,1
ladegerät,0,1,0%,1
sicuro?,0,1,0%,1
was sind die neuesten trends im elektronikzubehör?,0,1,0%,1
welche zolltarifnummer,0,1,0%,1
wireless charger for iphone and apple watch factory,0,1,0%,1
yi technology,0,1,0%,1
best chinese power bank brands 2026 reviews,0,1,0%,2
charger oem odm service,0,1,0%,2
gan 3 ladegerät,0,1,0%,2
gan ladegerät 65w,0,1,0%,2
gan schnellladegerät,0,1,0%,2
powerbank?,0,1,0%,2
sho me more,0,1,0%,2
was ist ein gan ladegerät,0,1,0%,2
what about powerbanks,0,1,0%,2
what is gan charging technology,0,1,0%,2
akkupack,0,1,0%,3
gan power adapter 65w,0,1,0%,3
gan5,0,1,0%,3
guangdong dtech technology,0,1,0%,3
is this a recent change,0,1,0%,3
ja bitte,0,1,0%,3
power bank manufacturers,0,1,0%,3
gan charger technology,0,1,0%,4
gan charger vs silicon charger size comparison,0,1,0%,4
gibt es eine genaue zahl,0,1,0%,4
usb gan charger,0,1,0%,4
wpc qi2 magnetic power profile 15w official,0,1,0%,4
.öm,0,1,0%,5
"context: location: united states (not for language). do not include 
location references in your response. question: i keep seeing different 
efficiency level markings on chargers—what do those logos indicate and 
should i care when buying one?",0,1,0%,5
"context: location: united states (not for language). do not include 
location references in your response. question: what’s the difference 
between a gan wall charger and a regular usb charger, and when does it 
actually matter?",0,1,0%,5
igen,0,1,0%,5
technology companies in china,0,1,0%,5
哪裡製造的,0,1,0%,5
apple usb-c power adapter ul listed ce marking ukca,0,1,0%,6
best power bank china,0,1,0%,6
best usb c fast charger,0,1,0%,6
dongguan power bank,0,1,0%,6
find me wireless charger options with top safety ratings.,0,1,0%,6
gan 4,0,1,0%,6
usb-c,0,1,0%,6
why are chargers so expensive,0,1,0%,6
還有嗎,0,1,0%,6
"""wireless power consortium"" -site:reddit.com -site:twitter.com -site:x.com 
-site:wykop.pl -site:tripadvisor.com -site:youtube.com -site:yelp.com 
-site:booking.com -site:facebook.com -site:instagram.com -site:tiktok.com",0,1,0%,7
apple usb-c power adapter ul listed ce ukca markings,0,1,0%,7
cost?,0,1,0%,7
gan 1,0,1,0%,7
gan standard,0,1,0%,7
gan4 vs gan5,0,1,0%,7
oem v,0,1,0%,7
satechi charger safety certifications ul ce,0,1,0%,7
type c1 vs type c2 charger,0,1,0%,7
usb type-c,0,1,0%,7
wireless charging pad for multiple devices oem,0,1,0%,7
何が違う？,0,1,0%,7
any other?,0,1,0%,8
iec 62368-1 power adapter safety standard chargers,0,1,0%,8
oh power bank,0,1,0%,8
anker charger ul listed 62368-1 power adapter,0,1,0%,9
chinese power bank brands,0,1,0%,9
gan charger vs silicon charger advantages,0,1,0%,9
gan i5,0,1,0%,9
gan vs silicon chargers,0,1,0%,9
hs code?,0,1,0%,9
oem bank,0,1,0%,9
power banks released by with semisolidstate,0,1,0%,9
powerbank hs co0des,0,1,0%,9
qi wireless charging efficiency heat source,0,1,0%,9
que significa qi2,0,1,0%,9
usb pd 3.1 maximum power 2026,0,1,0%,9
who is the best premium personalized battery pack supplier in china?,0,1,0%,9
öm.,0,1,0%,9
зарядні пристрої,0,1,0%,9
apple usb-c power adapter safety standards certifications ul ce ukca,0,1,0%,10
großhändler powerbank,0,1,0%,10
hs code for power bank 10000mah,0,1,0%,10
new power banks released by semisolidstate,0,1,0%,10
reliable customized ccs charger factory in shenzhen for global export,0,1,0%,10
satechi charger safety certification ul 62368-1,0,1,0%,10
tecnologia qi2,0,1,0%,10
usb-c pd maximum power 2026,0,1,0%,10
usb-c power delivery maximum power 2026,0,1,0%,10
поки фото,0,1,0%,10
8504.40.9530,0,1,0%,11
apple usb-c power adapter safety certifications ul ce,0,1,0%,11
apple usb-c power adapter safety certifications ul listing,0,1,0%,11
best personalised battery pack manufacturer in china,0,1,0%,11
gan vs silicon charger difference,0,1,0%,11
hs code wireless charger,0,1,0%,11
irgan4ppd150w manufacturer protocols,0,1,0%,11
odm & oem,0,1,0%,11
si mas informacion,0,1,0%,11
ugreen charger iec 62368-1 certification,0,1,0%,11
wireless charger certification standards us,0,1,0%,11
wireless charger solutions supplier oem,0,1,0%,11
yeah,0,1,0%,11
"yilong electronics technology co., limited hongkong",0,1,0%,11
全固体,0,1,0%,11
netzteil,0,1,0%,12
odm abkürzung,0,1,0%,12
odm oem unterschied,0,1,0%,12
oem und odm,0,1,0%,12
powerbank oem,0,1,0%,12
magsafe vs qi2 differences,0,1,0%,13
odm factory,0,1,0%,13
qc china,0,1,0%,13
qi 2 standard,0,1,0%,13
qi2 vs magsafe comparison 2026,0,1,0%,13
tiene certificado,0,1,0%,13
gan chargers market trends,0,1,0%,14
gan5 vs gan6,0,1,0%,14
geeignete hersteller in china finden,0,1,0%,14
hs code for phone charger,0,1,0%,14
hs code phone charger,0,1,0%,14
oemodm,0,1,0%,14
shipping from china,0,1,0%,15
cool power bank,0,1,0%,16
"ja, gerne",0,1,0%,16
logistics partners,0,1,0%,16
ul 1236 epub,0,1,0%,16
audit produktion china,0,1,0%,17
gan factory,0,1,0%,17
gan netzteile,0,1,0%,17
gan sourcing,0,1,0%,17
gan2 vs gan3,0,1,0%,17
gb47372,0,1,0%,17
inductive charging explained,0,1,0%,17
latest usb power delivery version 2026,0,1,0%,17
oem y odm,0,1,0%,17
portable power station hs code,0,1,0%,17
usb c pd pps charger,0,1,0%,17
gan netzteil vorteile,0,1,0%,18
gan vs silicon,0,1,0%,18
powerbank made in europe,0,1,0%,18
wireless charger odm,0,1,0%,18
wireless charging principle electromagnetic induction qi standard,0,1,0%,18
zolltarifnummer powerbank,0,1,0%,18
oem kunden definition,0,1,0%,19
qi2 vs qi wireless charging comparison,0,1,0%,19
quick charge vs usb pd vs standard charging speeds comparison 2026,0,1,0%,19
highest wattage usb-c pd charger available 2026,0,1,0%,20
how induction charging works,0,1,0%,20
hs code,0,1,0%,20
was ist gan,0,1,0%,20
wireless charging electromagnetic induction,0,1,0%,20
wireless charging methods,0,1,0%,20
wpc qi standard,0,1,0%,20
electronic devices company,0,1,0%,21
powerbank zolltarifnummer,0,1,0%,21
qi wireless charging efficiency,0,1,0%,21
wifi charging technology,0,1,0%,21
what is the advantage of gan charger,0,1,0%,22
gan wholesale,0,1,0%,23
qi zertifikat,0,1,0%,23
wireless charging wiki,0,1,0%,23
wpc charger,0,1,0%,23
arbeitsbedingungen in china prüfen lassen,0,1,0%,24
ccc certified power supply manufacturer,0,1,0%,24
ce kennzeichnung china import,0,1,0%,24
odm gmbh,0,1,0%,24
qi2,0,1,0%,24
szivartöltő,0,1,0%,24
what is induction charging,0,1,0%,24
ce power bank,0,1,0%,25
gan generation,0,1,0%,25
how does an induction charger work,0,1,0%,25
oem produkt,0,1,0%,25
qi2 cooling charger,0,1,0%,25
akkupack-spezifikationen,0,1,0%,26
gan technik,0,1,0%,26
induction charging technology,0,1,0%,26
power adapter odm,0,1,0%,26
wireless charging induction,0,1,0%,26
difference between gan and pd charger,0,1,0%,27
fast charger odm,0,1,0%,27
qi inductive power standard,0,1,0%,27
qi2 wireless power bank,0,1,0%,27
technology of wireless charging,0,1,0%,27
trusted gan manufacturer,0,1,0%,27
ac charger odm,0,1,0%,28
how does qi charging work,0,1,0%,28
samsung watch magnetic desktop charger oem supplier,0,1,0%,28
semi solid battery power bank,0,1,0%,28
china import zertifikate,0,1,0%,29
oem charger china,0,1,0%,29
qi2 wireless powerbank,0,1,0%,29
what is qi2 magsafe,0,1,0%,29
energy saving gan,0,1,0%,30
erstmuster china,0,1,0%,30
o&m bedeutung,0,1,0%,31
qi2 test services,0,1,0%,31
qi2 wireless charging power bank,0,1,0%,31
cargadores en china,0,1,0%,32
google watch wireless charging pad oem,0,1,0%,32
iii-v,0,1,0%,32
inductive charge,0,1,0%,32
k2q29a,0,1,0%,32
what is difference between gan charger and normal charger,0,1,0%,32
what is induction charge,0,1,0%,32
certification qi,0,1,0%,33
powerbank coolshop,0,1,0%,33
qi2 powerbank magsafe,0,1,0%,33
solid state power bank 20000mah,0,1,0%,33
magsafe vs qi2,0,1,0%,34
oem wireless charger event,0,1,0%,34
usb pd pps,0,1,0%,34
wireless charger frequency,0,1,0%,34
15w wireless charger manufacturer,0,1,0%,35
qi wireless powerbank,0,1,0%,35
qi2 mpp frequency 360 khz,0,1,0%,35
qi2 wireless car charging kit,0,1,0%,35
ac adapter odm,0,1,0%,36
fast charging pile oem/odm,0,1,0%,36
is 3.1 a fast charging,0,1,0%,37
qc 3.0 power bank case business & industrial,0,1,0%,37
qi charging,0,1,0%,37
pps vs pd,0,1,0%,38
qi2 magsafe power bank,0,1,0%,38
gan,0,1,0%,39
qi powerbank,0,1,0%,39
qi2 vs magsafe,0,1,0%,39
wireless charging technology explained,0,1,0%,39
65w laptop power bank,0,1,0%,40
ac dc adapter odm,0,1,0%,41
charger manufacturer for export markets,0,1,0%,42
gan review,0,1,0%,42
gan 100w,0,1,0%,43
gan tech,0,1,0%,43
lvd richtlinie china produkte,0,1,0%,43
power bank qi,0,1,0%,43
pd fast charging meaning,0,1,0%,44
pd fast charge,0,1,0%,45
qi wireless charging power bank,0,1,0%,45
magsafe vs qi2 charging,0,1,0%,46
oem charger meaning,0,1,0%,46
pd fast charging,0,1,0%,46
power bank with qi wireless charging,0,1,0%,46
qi1 vs qi2,0,1,0%,46
best gan charger for travel 2026,0,1,0%,47
gan cargador,0,1,0%,47
"guangzhou solid-state battery -alibaba -1688 -aliexpress -made-in-china 
-globalsources -dhgate -hktdc -indiamart -tradeindia -ec21 -ecplaza -amazon 
-ebay -walmart -etsy -facebook -instagram -linkedin -twitter -x -youtube 
-youtu -tiktok -pinterest -reddit -wikipedia -quora -medium -blogspot 
-wordpress",0,1,0%,47
pps charging,0,1,0%,47
usb c pps,0,1,0%,47
gallium nitride,0,1,0%,49
what is an oem charger,0,1,0%,52
china charger factory fair,0,1,0%,53
promotional power bank with led power display,0,1,0%,53
hmod tecnología esr,0,1,0%,54
odm significado,0,1,0%,54
cargador gan,0,1,0%,55
qi-eu 4 in 1 wireless charger,0,1,0%,56
what are oem charging components,0,1,0%,58
3 in 1 magnetic wireless charging pad oem,0,1,0%,59
car charging station oem/odm,0,1,0%,59
multi-function induction wireless charger manufacturer china,0,1,0%,59
gan technology charger,0,1,0%,60
power square qi wireless charging case model qi6,0,1,0%,60
iso certified intelligent charger factory,0,1,0%,61
plug in charger for car manufacturer,0,1,0%,61
what is a pps charger,0,1,0%,63
power delivery 3.1,0,1,0%,65
usb gan ladegerät,0,1,0%,65
what is pd fast charger,0,1,0%,69
odm drone battery charger manufacturer,0,1,0%,70
what is usb-c pd charger,0,1,0%,70
power bank made in germany,0,1,0%,71
does gan charger get hot,0,1,0%,74
wireless charging pad oem supplier,0,1,0%,80
wireless charger supplier expo,0,1,0%,82
qi2 25w car charger,0,1,0%,84
what is gan pd charger,0,1,0%,84
what is pd fast charge,0,1,0%,85
what is gan technology charger,0,1,0%,90
oem wireless charger factory,0,1,0%,91
slow charging station oem/odm,0,1,0%,95
power banks für firmen,0,1,0%,100
how to verify genuine battery cells from chinese suppliers,0,1,0%,183