排名靠前的网页,点击次数,展示,点击率,排名
https://www.wowohcool.com/,48,265,18.11%,6.53
https://www.wowohcool.com/blog/gan-generations-guide/,11,2205,0.5%,11.36
https://www.wowohcool.com/blog/import-costs-guide/,7,3940,0.18%,9.85
https://www.wowohcool.com/blog/certifications-us-eu-guide/,6,3216,0.19%,9.84
https://www.wowohcool.com/de/blog/ladegeraet-import-china-zoll-zertifikate/,5,467,1.07%,6.98
https://www.wowohcool.com/blog/top-power-bank-manufacturers-china.html,4,1100,0.36%,8.63
https://www.wowohcool.com/blog/top-power-bank-manufacturers-china/,4,721,0.55%,9.31
https://wowohcool.com/,4,468,0.85%,5.23
https://www.wowohcool.com/products/gan-charger,4,139,2.88%,19.47
https://www.wowohcool.com/es/,4,22,18.18%,16.45
https://www.wowohcool.com/products/gan-charger/,3,229,1.31%,24.2
https://www.wowohcool.com/products/wireless-charger/,2,519,0.39%,16.77
https://www.wowohcool.com/blog/qi-certification-guide/,2,288,0.69%,8.9
https://www.wowohcool.com/products/power-bank/wireless-magnetic/,2,268,0.75%,17.69
https://www.wowohcool.com/blog/,2,190,1.05%,17.13
https://www.wowohcool.com/es/blog/fabricante-power-banks-china-oem/,2,114,1.75%,9.01
https://www.wowohcool.com/de/blog/powerbank-eigenmarke-oem-produktion/,2,89,2.25%,7.97
https://www.wowohcool.com/de/blog/fabrikpruefung-checkliste-importeure/,2,39,5.13%,9.03
https://www.wowohcool.com/de/blog/semi-solid-state-powerbank/,2,30,6.67%,8.07
https://www.wowohcool.com/blog/power-bank-specs-guide/,1,852,0.12%,14.59
https://www.wowohcool.com/products/power-bank/,1,701,0.14%,12.14
https://www.wowohcool.com/blog/charging-accessory-market-trends-2026/,1,687,0.15%,12.82
https://www.wowohcool.com/about/,1,310,0.32%,8.3
https://www.wowohcool.com/de/blog/qi2-zertifizierung-importeure/,1,252,0.4%,13.88
https://www.wowohcool.com/de/blog/gan-vs-silizium-ladegeraete-vergleich/,1,238,0.42%,7.31
https://www.wowohcool.com/products/car-charger/,1,193,0.52%,12.33
https://www.wowohcool.com/blog/semi-solid-state-power-bank-oem/,1,151,0.66%,10.86
https://www.wowohcool.com/products/power-bank/semi-solid-state/,1,145,0.69%,8.92
https://www.wowohcool.com/es/blog/certificacion-qi2-importadores/,1,143,0.7%,7.69
https://www.wowohcool.com/de/produkte/powerbank/,1,122,0.82%,14.06
https://www.wowohcool.com/de/blog/gan-generationen-uebersicht/,1,90,1.11%,11.32
https://www.wowohcool.com/products/power-bank.html,1,76,1.32%,7.03
https://www.wowohcool.com/de/blog/markt-trends-ladegeraete-2026/,1,52,1.92%,6.71
https://www.wowohcool.com/blog/semi-solid-state-power-bank-oem.html,1,24,4.17%,11.71
https://www.wowohcool.com/de/,1,18,5.56%,4.56
https://www.wowohcool.com/es/blog/reglamento-ue-2023-1542-cumplimiento/,1,17,5.88%,13.12
https://www.wowohcool.com/de/blog/lieferanten-china-finden/,1,14,7.14%,8.57
https://www.wowohcool.com/de/blog/sicherheitsstandards-ladegeraete/,1,7,14.29%,3.86
https://www.wowohcool.com/products/index,1,4,25%,4.75
https://www.wowohcool.com/blog/charger-safety-standards/,0,2529,0%,9.11
https://www.wowohcool.com/blog/gan-vs-silicon-charger-comparison/,0,1028,0%,10.7
https://www.wowohcool.com/blog/gan-chargers-guide/,0,1025,0%,14.72
https://www.wowohcool.com/blog/qi2-vs-magsafe-guide/,0,984,0%,19.15
https://www.wowohcool.com/blog/wireless-charging-works/,0,676,0%,23.55
https://www.wowohcool.com/blog/gan-v-charger-oem-manufacturing/,0,527,0%,11.38
https://www.wowohcool.com/service/,0,417,0%,18.42
https://www.wowohcool.com/de/blog/oem-vs-odm-leitfaden/,0,350,0%,16.11
https://www.wowohcool.com/de/blog/oem-vs-odm-leitfaden,0,307,0%,38.57
https://www.wowohcool.com/blog/certifications-us-eu-guide.html,0,305,0%,7.18
https://www.wowohcool.com/blog/charger-safety-standards,0,293,0%,7.19
https://www.wowohcool.com/blog/usb-c-pd-fast-charging-guide/,0,268,0%,17.78
https://www.wowohcool.com/blog/usb-c-pd-fast-charging-guide.html,0,249,0%,7.71
https://www.wowohcool.com/contact/,0,242,0%,30.42
https://www.wowohcool.com/products/power-bank,0,234,0%,8.46
https://www.wowohcool.com/blog/choose-reliable-china-charger-supplier/,0,222,0%,18.21
https://www.wowohcool.com/products/wireless-charger,0,210,0%,9.26
https://www.wowohcool.com/blog/factory-verification-checklist/,0,202,0%,17.24
https://www.wowohcool.com/blog/car-charger-guide/,0,199,0%,16.46
https://www.wowohcool.com/blog/qi2-vs-magsafe-guide,0,192,0%,13.46
https://www.wowohcool.com/blog/quality-control-guide/,0,190,0%,15.09
https://www.wowohcool.com/blog/power-bank-specs-guide,0,181,0%,7.88
https://www.wowohcool.com/blog/how-to-choose-factory/,0,174,0%,14.16
https://www.wowohcool.com/service,0,170,0%,19.27
https://www.wowohcool.com/blog/usb-c-pd-fast-charging-guide,0,151,0%,7.72
https://www.wowohcool.com/products/,0,137,0%,9.96
https://www.wowohcool.com/es/blog/importar-cargadores-china-aduanas/,0,131,0%,5.92
https://www.wowohcool.com/blog/gan-generations-guide,0,127,0%,8.78
https://www.wowohcool.com/blog/top-power-bank-manufacturers-china,0,116,0%,8.36
https://www.wowohcool.com/products/car-charger,0,112,0%,11.92
https://www.wowohcool.com/contact,0,111,0%,34.6
https://www.wowohcool.com/blog/oem-vs-odm-guide/,0,101,0%,30.56
https://www.wowohcool.com/products/wireless-charger.html,0,100,0%,15.83
https://www.wowohcool.com/de/blog/powerbank-hersteller-china-oem-partner/,0,87,0%,11.92
https://www.wowohcool.com/blog/qi-certification-guide,0,82,0%,8.09
https://www.wowohcool.com/blog/shipping-from-china-guide/,0,75,0%,13.24
https://www.wowohcool.com/es/servicio-oem-odm/,0,61,0%,17.93
https://www.wowohcool.com/blog/certifications-us-eu-guide,0,60,0%,10.47
https://www.wowohcool.com/blog/wireless-charging-works.html,0,60,0%,12.15
https://www.wowohcool.com/blog/hotel-charging-solutions/,0,59,0%,16.03
https://www.wowohcool.com/products/power-bank/heating-battery/,0,57,0%,17.04
https://www.wowohcool.com/blog/car-charger-guide,0,55,0%,7.96
https://www.wowohcool.com/blog/charger-safety-standards.html,0,55,0%,8.87
https://www.wowohcool.com/service.html,0,52,0%,7.63
https://www.wowohcool.com/products/gan-charger.html,0,52,0%,11.1
https://www.wowohcool.com/blog/gan-chargers-guide,0,49,0%,7.53
https://www.wowohcool.com/de/blog/powerbank-spezifikationen/,0,48,0%,9.96
https://wowohcool.com/power-charger.html,0,45,0%,3.8
https://www.wowohcool.com/blog/gan-chargers-guide.html,0,45,0%,7.87
https://www.wowohcool.com/de/blog/fabrikauswahl-china-leitfaden/,0,43,0%,16
https://www.wowohcool.com/faq/,0,42,0%,3.71
https://www.wowohcool.com/blog/factory-verification-checklist.html,0,41,0%,10.49
https://www.wowohcool.com/de/blog/qualitaetskontrolle-china/,0,39,0%,9.54
https://www.wowohcool.com/products/wireless-charger/desktop/,0,38,0%,18.03
https://www.wowohcool.com/products/power-bank/2-in-1-hybrid/,0,37,0%,10
https://www.wowohcool.com/products/wireless-charger/3-in-1-station/,0,33,0%,13.55
https://www.wowohcool.com/de/blog/zertifizierungen-eu-markt/,0,32,0%,7.91
https://www.wowohcool.com/blog/power-bank-specs-guide.html,0,32,0%,8.34
https://www.wowohcool.com/products/power-bank/smart-display/,0,31,0%,9.9
https://www.wowohcool.com/de/blog/qi2-vs-magsafe/,0,30,0%,8.27
https://www.wowohcool.com/es/blog/normas-seguridad-cargadores/,0,30,0%,9.57
https://www.wowohcool.com/terms-of-service/,0,25,0%,3.52
https://www.wowohcool.com/products/power-bank/laptop-power/,0,23,0%,16.17
https://www.wowohcool.com/blog/how-to-choose-factory.html,0,21,0%,5.33
https://www.wowohcool.com/blog/import-costs-guide,0,21,0%,7
https://www.wowohcool.com/blog.html,0,19,0%,14.11
https://www.wowohcool.com/case-studies/,0,19,0%,15.58
https://www.wowohcool.com/about,0,18,0%,2.94
https://www.wowohcool.com/blog/car-charger-guide.html,0,18,0%,6.67
https://www.wowohcool.com/es/blog/carga-inalambrica-qi-qi2-magsafe/,0,18,0%,10.44
https://www.wowohcool.com/es/blog/control-calidad-fabricas-chinas/,0,18,0%,20.72
https://www.wowohcool.com/es/blog/qi2-vs-magsafe-diferencias/,0,17,0%,9.35
https://www.wowohcool.com/es/blog/usb-c-pd-carga-rapida/,0,17,0%,9.71
https://www.wowohcool.com/es/productos/powerbank/,0,17,0%,30.76
https://www.wowohcool.com/blog/hotel-charging-solutions.html,0,16,0%,6.75
https://www.wowohcool.com/blog/quality-control-guide.html,0,16,0%,7.56
https://www.wowohcool.com/de/produkte/kabelloses-ladegeraet/,0,16,0%,10.38
https://www.wowohcool.com/blog/gan-v-charger-oem-manufacturing,0,15,0%,5.73
https://www.wowohcool.com/blog/gan-v-charger-oem-manufacturing.html,0,15,0%,8.6
https://www.wowohcool.com/es/blog/oem-vs-odm-guia-completa/,0,14,0%,20.29
https://www.wowohcool.com/de/produkte/powerbank,0,13,0%,43.77
https://www.wowohcool.com/blog/factory-verification-checklist,0,12,0%,7.25
https://www.wowohcool.com/de/blog/autoladegeraet-ratgeber/,0,12,0%,11.5
https://www.wowohcool.com/de/produkte/autoladegeraet/,0,11,0%,14.18
https://www.wowohcool.com/products/car-charger.html,0,11,0%,15.55
https://www.wowohcool.com/de/blog/hotelladegeraete-oem-loesungen/,0,8,0%,4.5
https://www.wowohcool.com/es/blog/gan-vs-silicio-comparativa/,0,8,0%,7.12
https://www.wowohcool.com/de/blog/gan-ladegeraete-leitfaden/,0,8,0%,9.38
https://www.wowohcool.com/de/blog/qi2-zertifizierung-importeure,0,8,0%,10.12
https://www.wowohcool.com/es/productos/cargador-coche/,0,8,0%,11.88
https://www.wowohcool.com/de/oem-odm-service/,0,8,0%,28
https://www.wowohcool.com/de/products/car-charger,0,8,0%,28.75
https://www.wowohcool.com/blog,0,7,0%,4.71
https://www.wowohcool.com/de/blog/kabelloses-laden/,0,7,0%,7.29
https://www.wowohcool.com/es/blog/generaciones-gan-comparativa,0,7,0%,7.43
https://www.wowohcool.com/es/blog/especificaciones-power-banks-importadores/,0,7,0%,7.86
https://www.wowohcool.com/es/blog/tendencias-mercado-cargadores-2026/,0,7,0%,14.14
https://www.wowohcool.com/de/blog/fabrikpruefung-checkliste-importeure,0,7,0%,15.86
https://www.wowohcool.com/blog/wireless-charging-works,0,7,0%,20.86
https://www.wowohcool.com/blog/how-to-choose-factory,0,6,0%,6
https://www.wowohcool.com/blog/oem-vs-odm-guide,0,6,0%,6
https://www.wowohcool.com/es/productos/powerbank/semi-solido/,0,6,0%,9.5
https://www.wowohcool.com/es/blog/qi2-vs-magsafe-diferencias,0,6,0%,12.67
https://www.wowohcool.com/de/products/gan-charger,0,6,0%,56
https://www.wowohcool.com/blog/shipping-from-china-guide,0,5,0%,13.6
https://www.wowohcool.com/es/productos/cargador-gan/,0,5,0%,32.6
https://www.wowohcool.com/blog/hotel-charging-solutions,0,4,0%,4.5
https://www.wowohcool.com/faq,0,4,0%,4.5
https://www.wowohcool.com/blog/choose-reliable-china-charger-supplier.html,0,4,0%,5.75
https://www.wowohcool.com/blog/import-costs-guide.html,0,4,0%,6.5
https://www.wowohcool.com/de/impressum,0,4,0%,6.5
https://www.wowohcool.com/es/blog/proveedor-cargadores-china-fiable/,0,4,0%,7.25
https://www.wowohcool.com/blog/oem-vs-odm-guide.html,0,4,0%,9.25
https://www.wowohcool.com/vi/products/sac-khong-day,0,4,0%,9.25
https://www.wowohcool.com/power-charger,0,4,0%,9.5
https://www.wowohcool.com/blog/semi-solid-state-power-bank-oem,0,4,0%,9.75
https://www.wowohcool.com/blog/qi2-vs-magsafe-guide.html,0,4,0%,11.5
https://www.wowohcool.com/de/produkte/powerbank/halbfest-akku/,0,4,0%,43.5
https://www.wowohcool.com/de/ueber-uns/,0,3,0%,2.67
https://www.wowohcool.com/de/products/power-bank,0,3,0%,4.33
https://www.wowohcool.com/de/blog/ladegeraet-import-china-zoll-zertifikate,0,3,0%,6
https://www.wowohcool.com/es/productos/cargador-inalambrico/,0,3,0%,6.33
https://www.wowohcool.com/de/kontakt/,0,3,0%,6.67
https://www.wowohcool.com/de/blog/usb-c-pd-schnellladen/,0,3,0%,7.33
https://www.wowohcool.com/de/blog/powerbank-hersteller-china-oem-partner,0,3,0%,8.67
https://www.wowohcool.com/de/blog/,0,3,0%,10
https://www.wowohcool.com/vi/products/sac-khong-day.html,0,3,0%,10
https://www.wowohcool.com/vi/blog/qi2-vs-magsafe-huong-dan,0,3,0%,10.67
https://www.wowohcool.com/de/produkte/,0,3,0%,11.33
https://www.wowohcool.com/es/blog/generaciones-gan-comparativa/,0,3,0%,12.33
https://www.wowohcool.com/de/blog/powerbank-eigenmarke-oem-produktion,0,3,0%,66
https://www.wowohcool.com/de/blog/hotelladegeraete-oem-loesungen,0,2,0%,2
https://www.wowohcool.com/es/sobre-nosotros/,0,2,0%,4.5
https://www.wowohcool.com/de/blog/gan-vs-silizium-ladegeraete-vergleich,0,2,0%,5.5
https://www.wowohcool.com/es/productos/cargador-inalambrico/estacion-3-en-1/,0,2,0%,7
https://www.wowohcool.com/de/service,0,2,0%,7.5
https://www.wowohcool.com/vi/blog/qi2-vs-magsafe-huong-dan.html,0,2,0%,7.5
https://www.wowohcool.com/es/productos/powerbank/bateria-calefactora/,0,2,0%,8
https://www.wowohcool.com/de/produkte/powerbank/laptop-powerbank/,0,2,0%,9.5
https://www.wowohcool.com/de/agb/,0,2,0%,10
https://www.wowohcool.com/de/products/wireless-charger.html,0,2,0%,12.5
https://www.wowohcool.com/es/productos/powerbank/magnetico-inalambrico/,0,2,0%,17
https://www.wowohcool.com/de/products/wireless-charger,0,1,0%,1
https://www.wowohcool.com/es/blog/powerbank-marca-propia-produccion-oem/,0,1,0%,1
https://www.wowohcool.com/products/power-bank/2-in-1-hybrid,0,1,0%,1
https://www.wowohcool.com/products/power-bank/heating-battery,0,1,0%,1
https://www.wowohcool.com/products/power-bank/semi-solid-state,0,1,0%,1
https://www.wowohcool.com/products/power-bank/wireless-magnetic,0,1,0%,1
https://www.wowohcool.com/thank-you/,0,1,0%,1
https://www.wowohcool.com/de/impressum/,0,1,0%,2
https://www.wowohcool.com/de/produkte/powerbank/smart-display/,0,1,0%,4
https://www.wowohcool.com/de/blog/markt-trends-ladegeraete-2026,0,1,0%,5
https://www.wowohcool.com/privacy-policy/,0,1,0%,5
https://www.wowohcool.com/vi/about,0,1,0%,5
https://www.wowohcool.com/es/productos/powerbank/pantalla-inteligente/,0,1,0%,6
https://www.wowohcool.com/image/blog/cover-en/gan-generations-guide.webp,0,1,0%,6
https://www.wowohcool.com/de/blog/gan-v-oem-fertigung/,0,1,0%,8
https://www.wowohcool.com/de/produkte/powerbank/magnetisch-kabellos/,0,1,0%,9
https://www.wowohcool.com/de/agb,0,1,0%,10
https://www.wowohcool.com/de/ueber-uns,0,1,0%,10
https://www.wowohcool.com/de/ueber-uns.html,0,1,0%,10
https://www.wowohcool.com/es/blog/baterias-semi-solid-state/,0,1,0%,10
https://www.wowohcool.com/es/blog/gan-v-fabricacion-oem/,0,1,0%,12
https://www.wowohcool.com/blog/quality-control-guide,0,1,0%,15
https://www.wowohcool.com/es/blog/,0,1,0%,19
https://www.wowohcool.com/es/blog/como-elegir-fabrica-china/,0,1,0%,49
https://www.wowohcool.com/es/productos/,0,1,0%,59